cycle,contestant,number
5,Ashley,1
13,Jennifer,1
21,Will,1
7,Michelle,2
20,Mike,2
18,Eboni,2
17,Shannon,1
5,Jayla,3
11,Sheena,2
23,Cherish,1
22,Ashley,1
17,Dominique,1
3,Yaya,1
2,Mercedes,2
23,Marissa,2
17,Isis,1
4,Sarah,1
16,Angelia,1
9,Sarah,1
4,Rebecca,2
3,Jennipher,2
19,Kristin,1
23,Kyle,3
21,Kari,2
22,Delanie,1
4,Naima,1
10,Fatima,4
8,Samantha,1
21,Adam,2
14,Tatianna,1
9,Kimberly,1
9,Chantal,1
13,Kara,2
14,Alasia,3
2,Yoanna,2
18,Seymone,2
3,Kelle,3
2,Camille,3
11,Analeigh,2
15,Chris,2
18,Catherine,2
16,Mikaela,2
2,Shandi,2
3,Julie,1
5,Kyle,1
13,Bianca,3
10,Amis,2
3,Amanda,1
10,Marvita,1
7,Anchal,1
20,Cory,2
19,Allyssa,1
9,Lisa,2
12,Nijah,1
4,Tiffany,1
19,Leila,1
12,Aminat,4
4,Brita,1
22,Dustin,2
11,Samantha,3
3,Nicole,1
10,Katarzyna,1
17,Angelea,4
22,Hadassah,4
20,Alex,2
7,CariDee,2
4,Keenyah,2
18,Jasmia,1
12,Kortnie,1
15,Kayla,2
21,Keith,2
12,Isabella,1
11,Brittany,1
13,Lulu,1
7,Jaeda,4
14,Jessica,2
6,Leslie,1
13,Erin,4
14,Raina,1
9,Janet,1
5,Kim,2
20,Chris S.,1
22,Lacey,3
15,Terra,1
21,Mirjana,2
16,Dalya,2
14,Simone,1
7,Megg,1
10,Dominique,2
6,Danielle,2
6,Gina,2
18,Alisha,3
14,Alexandra,3
8,Jael,3
6,Kathy,1
12,Fo,2
17,Alexandria,3
2,Jenascia,2
14,Naduah,1
12,Allison,2
20,Bianca,1
16,Alexandria,3
1,Elyse,2
5,Ebony,1
16,Sara,2
6,Jade,5
18,Candace,1
19,Laura,3
11,Joslyn,2
7,Megan,1
7,Christian,1
21,Chantelle,3
23,Cory Anne,4
10,Aimee,1
4,Kahlen,1
21,Matthew,1
1,Robin,1
19,Darian,1
16,Monique,1
22,Devin,4
14,Anslee,2
21,Ivy,1
13,Courtney,1
15,Anamaria,1
23,Cody,1
1,Giselle,2
16,Dominique,2
1,Adrianne,2
13,Lisa,1
6,Furonda,3
2,Sara,1
18,AzMarie,1
6,Nnenna,1
10,Stacy-Ann,1
17,Sheena,1
12,Natalie,1
20,Jiana,2
20,Marvin,3
8,Felicia,1
12,Tahlia,1
11,Marjorie,2
23,Binta,1
18,Kyle,2
22,Courtney,2
3,Toccara,2
17,Brittany,1
23,Justine,1
4,Lluvy,3
8,Sarah,1
7,Brooke,1
22,Stefano,2
9,Saleisha,2
18,Mariah,1
10,Lauren,2
8,Natasha,3
9,Heather,2
4,Christina,1
17,Camille,1
22,Mikey,2
1,Ebony,2
12,Teyona,1
3,Kristi,1
1,Tessa,1
14,Gabrielle,1
15,Esther,2
3,Leah,1
2,Anna,1
10,Whitney,4
20,Phil,3
19,Victoria,3
6,Mollie Sue,1
5,Bre,5
5,Sarah,2
6,Wendy,1
23,Tash,2
17,Laura,2
20,Jeremy,3
4,Tatiana,1
17,Allison,1
5,Nicole,2
20,Kanani,1
20,Nina,1
13,Sundai,2
11,Elina,3
10,Allison,1
9,Victoria,1
6,Sara,2
11,Sharaun,1
13,Ashley,2
8,Renee,1
18,Ashley,2
15,Kendal,1
19,Nastasia,1
8,Diana,2
17,Bre,1
23,Paige,1
14,Ren,2
11,Clark,1
2,Catie,2
23,Giah,1
9,Ambreal,3
15,Kacey,1
2,Xiomara,2
22,Ava,1
23,Courtney,4
15,Ann,1
5,Lisa,1
8,Kathleen,1
15,Lexie,2
15,Rhianna,1
16,Nicole,1
5,Nik,1
4,Michelle,2
8,Dionne,3
1,Katie,1
2,Bethany,1
12,London,1
11,Isis,2
21,Shei,1
13,Rae,1
16,Brittani,2
19,Brittany,2
20,Chris H.,3
10,Atalya,1
6,Kari,1
21,Ben,1
3,Eva,2
16,Kasia,1
16,Jaclyn,1
19,Yvonne,3
12,Sandra,3
14,Brenda,2
1,Shannon,2
9,Jenah,3
2,April,1
7,Melrose,2
18,Louise,1
14,Angelea,1
21,Raelia,3
1,Nicole,1
15,Liz,2
7,A.J.,1
19,Jessie,1
11,Lauren Brie,1
22,Justin,1
20,Don,2
12,Jessica,1
15,Sara,1
18,Laura,1
21,Lenox,4
5,Coryn,1
20,Renee,1
3,Norelle,1
5,Diane,2
16,Molly,2
22,Bello,1
17,Bianca,2
11,Nikeysha,2
16,Hannah,2
8,Brittany,2
13,Brittany,2
7,Eugena,3
3,Ann,5
7,Monique,1
8,Cassandra,1
9,Mila,1
4,Noelle,1
7,Amanda,2
20,Chlea,1
9,Ebony,2
23,Tatiana,1
17,Kayla,1
23,Krislian,2
21,Denzel,1
18,Annaliese,2
15,Jane,3
19,Destiny,2
4,Brandy,2
8,Whitney,3
3,Cassie,1
10,Claire,2
4,Brittany,3
19,Kiara,1
9,Bianca,2
6,Brooke,2
22,Nyle,1
1,Kesse,2
12,Celia,3
2,Heather,1
17,Lisa,2
